,age,trestbps,chol,thalach,oldpeak
count,297.0,297.0,297.0,297.0,297.0
mean,54.54208754208754,131.69360269360268,247.35016835016836,149.5993265993266,1.0555555555555554
std,9.049735681096765,17.762806366599,51.99758253513897,22.941562061360813,1.1661227818468956
min,29.0,94.0,126.0,71.0,0.0
25%,48.0,120.0,211.0,133.0,0.0
50%,56.0,130.0,243.0,153.0,0.8
75%,61.0,140.0,276.0,166.0,1.6
max,77.0,200.0,564.0,202.0,6.2
